dump,frame,n_ice,n_max,n_clusters,n_ic,n_ih,n_mixed,cubicity,chill_cubic,chill_hexagonal,chill_interfacial,chill_clathrate,chill_interclathrate,chill_water,chill_max
niu-critical-growing,1,423.0,371.0,5.0,159.0,88.0,176.0,0.7919621749408984,88.0,78.0,163.0,23.0,190.0,2338.0,154.0
niu-critical-growing,11,395.0,383.0,2.0,143.0,73.0,179.0,0.8151898734177215,103.0,94.0,161.0,34.0,221.0,2267.0,178.0
niu-critical-growing,21,447.0,423.0,3.0,163.0,102.0,182.0,0.7718120805369127,93.0,99.0,200.0,15.0,209.0,2264.0,161.0
niu-critical-growing,31,457.0,409.0,5.0,166.0,102.0,189.0,0.7768052516411379,116.0,90.0,230.0,25.0,221.0,2198.0,178.0
niu-critical-growing,41,477.0,447.0,3.0,188.0,104.0,185.0,0.7819706498951782,107.0,90.0,217.0,24.0,214.0,2228.0,172.0
niu-critical-growing,51,486.0,420.0,5.0,168.0,125.0,193.0,0.742798353909465,95.0,94.0,261.0,22.0,185.0,2223.0,157.0
niu-critical-growing,61,473.0,473.0,1.0,170.0,114.0,189.0,0.758985200845666,103.0,105.0,206.0,22.0,204.0,2240.0,177.0
niu-critical-growing,71,465.0,439.0,3.0,174.0,110.0,181.0,0.7634408602150538,113.0,101.0,234.0,25.0,192.0,2215.0,179.0
niu-critical-growing,81,430.0,430.0,1.0,169.0,90.0,171.0,0.7906976744186046,92.0,88.0,202.0,25.0,221.0,2252.0,161.0
niu-critical-growing,91,492.0,408.0,6.0,188.0,129.0,175.0,0.7378048780487805,103.0,86.0,241.0,16.0,210.0,2224.0,161.0
niu-critical-growing,101,463.0,401.0,4.0,207.0,69.0,187.0,0.8509719222462203,104.0,101.0,202.0,22.0,214.0,2237.0,182.0
niu-critical-growing,111,438.0,370.0,6.0,208.0,69.0,161.0,0.8424657534246576,104.0,87.0,197.0,26.0,225.0,2241.0,167.0
niu-critical-growing,121,414.0,374.0,4.0,165.0,73.0,176.0,0.8236714975845411,91.0,94.0,230.0,30.0,217.0,2218.0,162.0
niu-critical-growing,131,430.0,418.0,2.0,163.0,86.0,181.0,0.8,89.0,95.0,237.0,12.0,217.0,2230.0,158.0
niu-critical-growing,141,485.0,465.0,2.0,216.0,65.0,204.0,0.865979381443299,114.0,107.0,255.0,23.0,239.0,2142.0,191.0
niu-critical-growing,151,460.0,424.0,4.0,147.0,112.0,201.0,0.7565217391304347,111.0,105.0,244.0,20.0,199.0,2201.0,187.0
niu-critical-growing,161,496.0,426.0,6.0,195.0,97.0,204.0,0.8044354838709677,112.0,107.0,226.0,17.0,190.0,2228.0,184.0
niu-critical-growing,171,530.0,498.0,3.0,217.0,107.0,206.0,0.7981132075471699,121.0,107.0,240.0,17.0,177.0,2218.0,194.0
niu-critical-growing,181,439.0,413.0,3.0,195.0,68.0,176.0,0.8451025056947609,109.0,96.0,241.0,22.0,166.0,2246.0,180.0
niu-critical-growing,191,432.0,400.0,2.0,200.0,57.0,175.0,0.8680555555555556,108.0,108.0,266.0,20.0,184.0,2194.0,182.0
niu-critical-growing,201,461.0,406.0,3.0,202.0,72.0,187.0,0.8438177874186551,103.0,106.0,240.0,27.0,161.0,2243.0,173.0
niu-critical-growing,211,460.0,422.0,4.0,194.0,82.0,184.0,0.8217391304347826,114.0,110.0,243.0,18.0,195.0,2200.0,195.0
niu-critical-growing,221,524.0,446.0,6.0,211.0,124.0,189.0,0.7633587786259542,118.0,110.0,260.0,28.0,200.0,2164.0,191.0
niu-critical-growing,231,499.0,449.0,5.0,203.0,107.0,189.0,0.7855711422845691,112.0,116.0,235.0,26.0,192.0,2199.0,190.0
niu-critical-growing,241,476.0,450.0,3.0,198.0,84.0,194.0,0.8235294117647058,109.0,111.0,214.0,24.0,212.0,2210.0,198.0
niu-critical-growing,251,445.0,419.0,3.0,194.0,72.0,179.0,0.8382022471910112,122.0,119.0,224.0,18.0,206.0,2191.0,211.0
niu-critical-growing,261,415.0,415.0,1.0,169.0,58.0,188.0,0.8602409638554217,119.0,117.0,218.0,23.0,197.0,2206.0,216.0
niu-critical-growing,271,457.0,431.0,3.0,173.0,83.0,201.0,0.8183807439824945,118.0,126.0,219.0,23.0,203.0,2191.0,216.0
niu-critical-growing,281,500.0,442.0,4.0,176.0,133.0,191.0,0.734,115.0,107.0,214.0,18.0,229.0,2197.0,197.0
niu-critical-growing,291,476.0,452.0,3.0,202.0,84.0,190.0,0.8235294117647058,124.0,117.0,213.0,32.0,230.0,2164.0,217.0
niu-critical-growing,301,515.0,479.0,4.0,212.0,106.0,197.0,0.7941747572815534,131.0,115.0,221.0,20.0,183.0,2210.0,217.0
niu-critical-growing,311,520.0,496.0,3.0,215.0,105.0,200.0,0.7980769230769231,112.0,119.0,272.0,20.0,207.0,2150.0,190.0
niu-critical-growing,321,486.0,474.0,2.0,238.0,66.0,182.0,0.8641975308641975,110.0,114.0,210.0,17.0,209.0,2220.0,204.0
niu-critical-growing,331,485.0,485.0,1.0,215.0,67.0,203.0,0.8618556701030928,134.0,119.0,237.0,20.0,207.0,2163.0,224.0
niu-critical-growing,341,502.0,478.0,3.0,222.0,82.0,198.0,0.8366533864541833,120.0,112.0,236.0,20.0,200.0,2192.0,211.0
niu-critical-growing,351,589.0,507.0,6.0,231.0,147.0,211.0,0.7504244482173175,133.0,105.0,232.0,31.0,207.0,2172.0,221.0
niu-critical-growing,361,494.0,470.0,3.0,189.0,109.0,196.0,0.7793522267206477,124.0,120.0,231.0,23.0,201.0,2181.0,217.0
niu-critical-growing,371,478.0,442.0,4.0,188.0,99.0,191.0,0.7928870292887029,124.0,120.0,220.0,24.0,196.0,2196.0,221.0
niu-critical-growing,381,569.0,521.0,5.0,227.0,127.0,215.0,0.7768014059753954,133.0,118.0,255.0,25.0,206.0,2143.0,225.0
niu-critical-growing,391,581.0,519.0,6.0,229.0,146.0,206.0,0.7487091222030982,122.0,124.0,260.0,29.0,200.0,2145.0,211.0
niu-critical-growing,401,543.0,531.0,2.0,219.0,101.0,223.0,0.8139963167587477,139.0,117.0,247.0,25.0,213.0,2139.0,240.0
niu-critical-growing,411,527.0,527.0,1.0,223.0,103.0,201.0,0.8045540796963947,132.0,116.0,237.0,11.0,193.0,2191.0,214.0
niu-critical-growing,421,500.0,476.0,3.0,210.0,95.0,195.0,0.81,130.0,118.0,208.0,21.0,206.0,2197.0,229.0
niu-critical-growing,431,558.0,496.0,6.0,238.0,119.0,201.0,0.7867383512544803,138.0,111.0,247.0,20.0,190.0,2174.0,233.0
niu-critical-growing,441,585.0,527.0,5.0,297.0,73.0,215.0,0.8752136752136752,146.0,122.0,229.0,15.0,178.0,2190.0,243.0
niu-critical-growing,451,546.0,492.0,5.0,250.0,80.0,216.0,0.8534798534798534,142.0,127.0,215.0,24.0,192.0,2180.0,248.0
niu-critical-growing,461,484.0,484.0,1.0,206.0,64.0,214.0,0.8677685950413223,138.0,119.0,242.0,21.0,181.0,2179.0,235.0
niu-critical-growing,471,541.0,517.0,3.0,229.0,101.0,211.0,0.8133086876155268,135.0,126.0,225.0,17.0,214.0,2163.0,236.0
niu-critical-growing,481,553.0,529.0,3.0,213.0,129.0,211.0,0.7667269439421338,151.0,136.0,239.0,26.0,202.0,2126.0,263.0
niu-critical-growing,491,494.0,482.0,2.0,191.0,78.0,225.0,0.8421052631578947,139.0,133.0,242.0,23.0,199.0,2144.0,241.0
niu-critical-growing,501,555.0,497.0,4.0,192.0,130.0,233.0,0.7657657657657657,143.0,135.0,249.0,31.0,188.0,2134.0,253.0
niu-critical-growing,511,599.0,539.0,5.0,241.0,116.0,242.0,0.8063439065108514,149.0,136.0,248.0,28.0,168.0,2151.0,264.0
niu-critical-growing,521,610.0,540.0,6.0,257.0,116.0,237.0,0.8098360655737705,154.0,131.0,276.0,22.0,161.0,2136.0,265.0
niu-critical-growing,531,567.0,531.0,4.0,213.0,122.0,232.0,0.7848324514991182,156.0,141.0,255.0,23.0,169.0,2136.0,272.0
niu-critical-growing,541,581.0,551.0,3.0,239.0,106.0,236.0,0.8175559380378657,159.0,136.0,239.0,20.0,167.0,2159.0,272.0
niu-critical-growing,551,593.0,569.0,3.0,241.0,106.0,246.0,0.821247892074199,156.0,142.0,252.0,20.0,182.0,2128.0,263.0
niu-critical-growing,561,586.0,548.0,4.0,227.0,133.0,226.0,0.773037542662116,147.0,131.0,261.0,23.0,174.0,2144.0,249.0
niu-critical-growing,571,622.0,569.0,3.0,246.0,147.0,229.0,0.7636655948553055,141.0,123.0,269.0,29.0,174.0,2144.0,236.0
niu-critical-growing,581,611.0,534.0,6.0,247.0,139.0,225.0,0.7725040916530278,153.0,145.0,261.0,16.0,195.0,2110.0,259.0
niu-critical-growing,591,593.0,533.0,6.0,223.0,146.0,224.0,0.7537942664418212,153.0,135.0,274.0,28.0,180.0,2110.0,257.0
niu-critical-growing,601,623.0,549.0,7.0,273.0,132.0,218.0,0.7881219903691814,158.0,138.0,266.0,25.0,169.0,2124.0,262.0
niu-critical-growing,611,563.0,515.0,5.0,239.0,106.0,218.0,0.8117229129662522,146.0,126.0,294.0,24.0,184.0,2106.0,244.0
niu-critical-growing,621,625.0,575.0,5.0,244.0,141.0,240.0,0.7744,151.0,146.0,264.0,32.0,186.0,2101.0,270.0
niu-critical-growing,631,669.0,543.0,6.0,269.0,153.0,247.0,0.7713004484304933,151.0,135.0,267.0,23.0,170.0,2134.0,265.0
niu-critical-growing,641,601.0,555.0,4.0,222.0,132.0,247.0,0.7803660565723793,155.0,138.0,242.0,18.0,171.0,2156.0,266.0
niu-critical-growing,651,610.0,531.0,4.0,221.0,144.0,245.0,0.7639344262295082,142.0,140.0,254.0,17.0,182.0,2145.0,252.0
niu-critical-growing,661,598.0,574.0,3.0,242.0,103.0,253.0,0.8277591973244147,155.0,145.0,276.0,25.0,168.0,2111.0,267.0
niu-critical-growing,671,635.0,567.0,6.0,241.0,154.0,240.0,0.75748031496063,141.0,130.0,277.0,23.0,187.0,2122.0,240.0
niu-critical-growing,681,596.0,560.0,4.0,228.0,132.0,236.0,0.7785234899328859,152.0,142.0,271.0,16.0,186.0,2113.0,252.0
niu-critical-growing,691,682.0,614.0,6.0,258.0,153.0,271.0,0.7756598240469208,157.0,136.0,308.0,16.0,149.0,2114.0,262.0
niu-critical-growing,701,608.0,584.0,3.0,247.0,106.0,255.0,0.8256578947368421,162.0,147.0,274.0,22.0,175.0,2100.0,277.0
niu-critical-growing,711,670.0,630.0,4.0,255.0,147.0,268.0,0.7805970149253731,158.0,147.0,281.0,18.0,188.0,2088.0,274.0
niu-critical-growing,721,700.0,662.0,4.0,283.0,131.0,286.0,0.8128571428571428,175.0,148.0,275.0,21.0,187.0,2074.0,290.0
niu-critical-growing,731,671.0,645.0,3.0,269.0,111.0,291.0,0.834575260804769,186.0,156.0,271.0,23.0,194.0,2050.0,305.0
niu-critical-growing,741,732.0,686.0,4.0,307.0,124.0,301.0,0.8306010928961749,190.0,167.0,281.0,24.0,190.0,2028.0,310.0
niu-critical-growing,751,736.0,694.0,4.0,322.0,119.0,295.0,0.8383152173913043,194.0,176.0,307.0,16.0,190.0,1997.0,320.0
niu-critical-growing,761,744.0,710.0,3.0,327.0,125.0,292.0,0.831989247311828,187.0,149.0,278.0,18.0,173.0,2075.0,309.0
niu-critical-growing,771,701.0,701.0,1.0,308.0,120.0,273.0,0.8288159771754636,182.0,154.0,304.0,20.0,171.0,2049.0,303.0
niu-critical-growing,781,719.0,707.0,2.0,323.0,119.0,277.0,0.8344923504867872,176.0,136.0,277.0,20.0,176.0,2095.0,288.0
niu-critical-growing,791,667.0,643.0,3.0,269.0,123.0,275.0,0.815592203898051,169.0,144.0,313.0,19.0,167.0,2068.0,281.0
niu-critical-growing,801,698.0,660.0,4.0,291.0,133.0,274.0,0.8094555873925502,168.0,161.0,288.0,17.0,166.0,2080.0,295.0
niu-critical-melting,1,436.0,384.0,5.0,196.0,81.0,159.0,0.8142201834862385,85.0,83.0,161.0,20.0,217.0,2314.0,151.0
niu-critical-melting,11,412.0,362.0,4.0,172.0,87.0,153.0,0.7888349514563107,86.0,90.0,182.0,36.0,224.0,2262.0,153.0
niu-critical-melting,21,374.0,334.0,4.0,164.0,66.0,144.0,0.8235294117647058,86.0,74.0,176.0,28.0,205.0,2311.0,148.0
niu-critical-melting,31,391.0,331.0,5.0,144.0,114.0,133.0,0.7084398976982097,74.0,93.0,184.0,29.0,203.0,2297.0,146.0
niu-critical-melting,41,354.0,292.0,6.0,114.0,108.0,132.0,0.6949152542372882,75.0,77.0,195.0,33.0,237.0,2263.0,134.0
niu-critical-melting,51,341.0,329.0,2.0,116.0,85.0,140.0,0.750733137829912,74.0,99.0,187.0,23.0,236.0,2261.0,146.0
niu-critical-melting,61,352.0,308.0,4.0,155.0,65.0,132.0,0.8153409090909091,79.0,86.0,195.0,23.0,205.0,2292.0,143.0
niu-critical-melting,71,415.0,325.0,8.0,164.0,130.0,121.0,0.6867469879518072,72.0,86.0,171.0,27.0,192.0,2332.0,133.0
niu-critical-melting,81,441.0,357.0,5.0,144.0,155.0,142.0,0.6485260770975056,79.0,91.0,190.0,20.0,220.0,2280.0,145.0
niu-critical-melting,91,395.0,371.0,3.0,123.0,138.0,134.0,0.6506329113924051,79.0,93.0,215.0,25.0,201.0,2267.0,137.0
niu-critical-melting,101,452.0,366.0,6.0,217.0,100.0,135.0,0.7787610619469026,75.0,87.0,201.0,27.0,188.0,2302.0,135.0
niu-critical-melting,111,585.0,459.0,10.0,222.0,199.0,164.0,0.6598290598290598,86.0,94.0,221.0,24.0,192.0,2263.0,157.0
niu-critical-melting,121,451.0,401.0,5.0,180.0,127.0,144.0,0.7184035476718403,86.0,104.0,204.0,22.0,172.0,2292.0,160.0
niu-critical-melting,131,460.0,362.0,8.0,159.0,160.0,141.0,0.6521739130434783,71.0,99.0,222.0,23.0,195.0,2270.0,142.0
niu-critical-melting,141,414.0,362.0,4.0,170.0,111.0,133.0,0.7318840579710145,80.0,96.0,212.0,20.0,196.0,2276.0,138.0
niu-critical-melting,151,371.0,333.0,4.0,137.0,105.0,129.0,0.7169811320754716,90.0,94.0,212.0,31.0,212.0,2241.0,145.0
niu-critical-melting,161,383.0,324.0,5.0,128.0,131.0,124.0,0.6579634464751958,76.0,88.0,190.0,33.0,235.0,2258.0,134.0
niu-critical-melting,171,337.0,299.0,4.0,149.0,86.0,102.0,0.744807121661721,69.0,86.0,236.0,20.0,195.0,2274.0,107.0
niu-critical-melting,181,356.0,294.0,6.0,136.0,117.0,103.0,0.6713483146067416,73.0,72.0,211.0,20.0,193.0,2311.0,112.0
niu-critical-melting,191,361.0,301.0,6.0,123.0,128.0,110.0,0.6454293628808865,57.0,75.0,239.0,17.0,217.0,2275.0,101.0
niu-critical-melting,201,405.0,315.0,7.0,167.0,125.0,113.0,0.691358024691358,61.0,81.0,204.0,16.0,195.0,2323.0,111.0
niu-critical-melting,211,395.0,321.0,4.0,133.0,146.0,116.0,0.6303797468354431,70.0,85.0,219.0,22.0,220.0,2264.0,121.0
niu-critical-melting,221,414.0,366.0,5.0,124.0,168.0,122.0,0.5942028985507246,65.0,89.0,241.0,15.0,201.0,2269.0,112.0
niu-critical-melting,231,327.0,303.0,3.0,115.0,92.0,120.0,0.7186544342507645,70.0,80.0,204.0,19.0,202.0,2305.0,120.0
niu-critical-melting,241,360.0,312.0,5.0,130.0,112.0,118.0,0.6888888888888889,72.0,85.0,237.0,11.0,181.0,2294.0,113.0
niu-critical-melting,251,397.0,321.0,7.0,159.0,118.0,120.0,0.7027707808564232,79.0,91.0,242.0,17.0,165.0,2286.0,124.0
niu-critical-melting,261,400.0,294.0,7.0,135.0,146.0,119.0,0.635,68.0,79.0,227.0,18.0,183.0,2305.0,116.0
niu-critical-melting,271,343.0,281.0,6.0,123.0,105.0,115.0,0.6938775510204082,68.0,92.0,199.0,15.0,177.0,2329.0,126.0
niu-critical-melting,281,325.0,301.0,3.0,135.0,72.0,118.0,0.7784615384615384,71.0,82.0,196.0,19.0,183.0,2329.0,125.0
niu-critical-melting,291,355.0,355.0,1.0,133.0,95.0,127.0,0.7323943661971831,65.0,81.0,224.0,20.0,169.0,2321.0,111.0
niu-critical-melting,301,315.0,291.0,3.0,123.0,79.0,113.0,0.7492063492063492,59.0,74.0,221.0,27.0,216.0,2283.0,103.0
niu-critical-melting,311,362.0,314.0,4.0,116.0,122.0,124.0,0.6629834254143646,63.0,90.0,208.0,21.0,189.0,2309.0,118.0
niu-critical-melting,321,400.0,352.0,5.0,135.0,140.0,125.0,0.65,74.0,83.0,246.0,15.0,196.0,2266.0,116.0
niu-critical-melting,331,393.0,314.0,6.0,123.0,143.0,127.0,0.6361323155216285,55.0,78.0,233.0,26.0,193.0,2295.0,100.0
niu-critical-melting,341,434.0,362.0,7.0,136.0,176.0,122.0,0.5944700460829493,57.0,73.0,230.0,21.0,185.0,2314.0,102.0
niu-critical-melting,351,414.0,305.0,8.0,170.0,123.0,121.0,0.7028985507246377,61.0,87.0,231.0,31.0,193.0,2277.0,109.0
niu-critical-melting,361,439.0,319.0,9.0,165.0,148.0,126.0,0.662870159453303,60.0,89.0,245.0,22.0,209.0,2255.0,108.0
niu-critical-melting,371,409.0,270.0,9.0,141.0,150.0,118.0,0.6332518337408313,58.0,87.0,234.0,22.0,197.0,2282.0,105.0
niu-critical-melting,381,408.0,267.0,8.0,154.0,153.0,101.0,0.625,50.0,72.0,253.0,15.0,195.0,2295.0,92.0
niu-critical-melting,391,413.0,285.0,8.0,126.0,175.0,112.0,0.576271186440678,50.0,85.0,238.0,17.0,176.0,2314.0,95.0
niu-critical-melting,401,373.0,276.0,7.0,130.0,145.0,98.0,0.6112600536193029,49.0,66.0,212.0,21.0,179.0,2353.0,84.0
niu-critical-melting,411,363.0,287.0,7.0,140.0,124.0,99.0,0.6584022038567493,42.0,82.0,253.0,24.0,197.0,2282.0,86.0
niu-critical-melting,421,441.0,268.0,9.0,129.0,204.0,108.0,0.5374149659863946,47.0,84.0,247.0,10.0,190.0,2302.0,86.0
niu-critical-melting,431,421.0,290.0,7.0,140.0,166.0,115.0,0.6057007125890737,49.0,86.0,257.0,20.0,211.0,2257.0,93.0
niu-critical-melting,441,329.0,231.0,8.0,97.0,136.0,96.0,0.5866261398176292,35.0,59.0,211.0,14.0,204.0,2357.0,63.0
niu-critical-melting,451,386.0,304.0,7.0,121.0,154.0,111.0,0.6010362694300518,36.0,74.0,248.0,19.0,199.0,2304.0,77.0
niu-critical-melting,461,352.0,252.0,7.0,91.0,164.0,97.0,0.5340909090909091,42.0,74.0,233.0,22.0,192.0,2317.0,80.0
niu-critical-melting,471,348.0,265.0,4.0,112.0,122.0,114.0,0.6494252873563219,47.0,78.0,220.0,18.0,223.0,2294.0,75.0
niu-critical-melting,481,334.0,260.0,7.0,106.0,132.0,96.0,0.6047904191616766,44.0,66.0,221.0,27.0,244.0,2278.0,65.0
niu-critical-melting,491,347.0,226.0,6.0,143.0,106.0,98.0,0.6945244956772334,38.0,77.0,229.0,22.0,201.0,2313.0,64.0
niu-critical-melting,501,346.0,212.0,8.0,80.0,182.0,84.0,0.47398843930635837,32.0,67.0,195.0,21.0,202.0,2363.0,64.0
niu-critical-melting,511,247.0,179.0,5.0,68.0,93.0,86.0,0.6234817813765182,31.0,62.0,160.0,28.0,219.0,2380.0,66.0
niu-critical-melting,521,274.0,194.0,7.0,67.0,123.0,84.0,0.551094890510949,26.0,49.0,149.0,21.0,233.0,2402.0,44.0
niu-critical-melting,531,231.0,167.0,6.0,62.0,105.0,64.0,0.5454545454545454,19.0,42.0,157.0,29.0,213.0,2420.0,37.0
niu-critical-melting,541,264.0,172.0,8.0,62.0,130.0,72.0,0.5075757575757576,23.0,58.0,204.0,19.0,205.0,2371.0,40.0
niu-critical-melting,551,254.0,174.0,6.0,68.0,121.0,65.0,0.5236220472440944,25.0,55.0,193.0,22.0,217.0,2368.0,52.0
niu-critical-melting,561,314.0,175.0,10.0,130.0,107.0,77.0,0.6592356687898089,30.0,67.0,184.0,28.0,212.0,2359.0,60.0
niu-critical-melting,571,311.0,175.0,10.0,82.0,166.0,63.0,0.4662379421221865,33.0,61.0,194.0,29.0,232.0,2331.0,69.0
niu-critical-melting,581,361.0,210.0,8.0,114.0,163.0,84.0,0.5484764542936288,29.0,63.0,217.0,18.0,206.0,2347.0,50.0
niu-critical-melting,591,251.0,165.0,6.0,66.0,110.0,75.0,0.5617529880478087,29.0,58.0,185.0,33.0,200.0,2375.0,46.0
niu-critical-melting,601,305.0,195.0,7.0,116.0,121.0,68.0,0.6032786885245902,31.0,46.0,176.0,32.0,201.0,2394.0,44.0
niu-critical-melting,611,302.0,218.0,5.0,99.0,140.0,63.0,0.5364238410596026,21.0,50.0,195.0,23.0,225.0,2366.0,37.0
niu-critical-melting,621,241.0,165.0,4.0,71.0,115.0,55.0,0.5228215767634855,17.0,37.0,190.0,33.0,206.0,2397.0,10.0
niu-critical-melting,631,226.0,152.0,5.0,70.0,114.0,42.0,0.49557522123893805,14.0,45.0,162.0,30.0,203.0,2426.0,27.0
niu-critical-melting,641,288.0,179.0,7.0,56.0,180.0,52.0,0.375,14.0,41.0,149.0,29.0,205.0,2442.0,22.0
niu-critical-melting,651,244.0,168.0,7.0,110.0,100.0,34.0,0.5901639344262295,15.0,48.0,171.0,20.0,186.0,2440.0,19.0
niu-critical-melting,661,327.0,149.0,11.0,91.0,203.0,33.0,0.37920489296636084,17.0,36.0,200.0,21.0,208.0,2398.0,14.0
niu-critical-melting,671,327.0,127.0,12.0,104.0,186.0,37.0,0.43119266055045874,14.0,49.0,199.0,23.0,198.0,2397.0,16.0
niu-critical-melting,681,356.0,164.0,14.0,117.0,197.0,42.0,0.44662921348314605,17.0,49.0,233.0,14.0,174.0,2393.0,17.0
niu-critical-melting,691,253.0,141.0,8.0,78.0,127.0,48.0,0.4980237154150198,21.0,57.0,201.0,34.0,202.0,2365.0,23.0
niu-critical-melting,701,221.0,137.0,8.0,27.0,157.0,37.0,0.2895927601809955,14.0,47.0,147.0,20.0,206.0,2446.0,17.0
niu-critical-melting,711,177.0,105.0,7.0,42.0,102.0,33.0,0.423728813559322,17.0,45.0,142.0,18.0,220.0,2438.0,30.0
niu-critical-melting,721,141.0,117.0,3.0,30.0,75.0,36.0,0.46808510638297873,11.0,44.0,136.0,27.0,227.0,2435.0,27.0
niu-critical-melting,731,114.0,90.0,3.0,18.0,66.0,30.0,0.42105263157894735,11.0,37.0,141.0,23.0,229.0,2439.0,16.0
niu-critical-melting,741,130.0,92.0,4.0,38.0,60.0,32.0,0.5384615384615384,14.0,33.0,134.0,24.0,230.0,2445.0,14.0
niu-critical-melting,751,85.0,73.0,2.0,19.0,41.0,25.0,0.5176470588235295,9.0,29.0,126.0,19.0,214.0,2483.0,17.0
niu-critical-melting,761,177.0,73.0,8.0,71.0,85.0,21.0,0.519774011299435,7.0,42.0,147.0,34.0,231.0,2419.0,13.0
niu-critical-melting,771,88.0,52.0,4.0,0.0,88.0,0.0,0.0,6.0,34.0,141.0,25.0,251.0,2423.0,11.0
niu-critical-melting,781,138.0,70.0,5.0,44.0,94.0,0.0,0.3188405797101449,8.0,35.0,127.0,19.0,236.0,2455.0,14.0
niu-critical-melting,791,165.0,32.0,9.0,48.0,111.0,6.0,0.32727272727272727,7.0,37.0,124.0,22.0,235.0,2455.0,5.0
niu-critical-melting,801,154.0,44.0,9.0,32.0,122.0,0.0,0.2077922077922078,7.0,38.0,152.0,36.0,200.0,2447.0,4.0
niu-critical-melting,811,92.0,24.0,6.0,0.0,92.0,0.0,0.0,5.0,28.0,125.0,23.0,235.0,2464.0,2.0
niu-critical-melting,821,166.0,32.0,9.0,5.0,152.0,9.0,0.08433734939759036,10.0,24.0,147.0,25.0,226.0,2448.0,3.0
niu-critical-melting,831,206.0,80.0,10.0,74.0,124.0,8.0,0.39805825242718446,8.0,28.0,146.0,26.0,219.0,2453.0,2.0
niu-critical-melting,841,166.0,40.0,9.0,50.0,110.0,6.0,0.3373493975903614,10.0,28.0,144.0,28.0,197.0,2473.0,3.0
niu-critical-melting,851,114.0,20.0,8.0,70.0,44.0,0.0,0.6140350877192983,1.0,21.0,127.0,35.0,198.0,2498.0,3.0
niu-critical-melting,861,46.0,22.0,3.0,22.0,24.0,0.0,0.4782608695652174,3.0,22.0,97.0,33.0,240.0,2485.0,2.0
niu-critical-melting,871,114.0,34.0,7.0,30.0,72.0,12.0,0.3684210526315789,2.0,25.0,126.0,23.0,226.0,2478.0,2.0
niu-critical-melting,881,92.0,20.0,7.0,8.0,78.0,6.0,0.15217391304347827,6.0,19.0,123.0,32.0,194.0,2506.0,3.0
niu-critical-melting,891,92.0,20.0,7.0,0.0,92.0,0.0,0.0,7.0,23.0,147.0,19.0,228.0,2456.0,3.0
niu-critical-melting,901,120.0,24.0,8.0,28.0,92.0,0.0,0.23333333333333334,11.0,17.0,102.0,31.0,245.0,2474.0,2.0
niu-critical-melting,911,173.0,36.0,10.0,23.0,141.0,9.0,0.18497109826589594,8.0,23.0,145.0,31.0,248.0,2425.0,2.0
niu-critical-melting,921,181.0,46.0,7.0,75.0,100.0,6.0,0.44751381215469616,7.0,28.0,132.0,27.0,234.0,2452.0,3.0
niu-critical-melting,931,128.0,40.0,7.0,44.0,75.0,9.0,0.4140625,10.0,21.0,113.0,26.0,229.0,2481.0,3.0
niu-critical-melting,941,126.0,24.0,9.0,42.0,84.0,0.0,0.3333333333333333,2.0,29.0,101.0,25.0,241.0,2482.0,3.0
niu-critical-melting,951,122.0,24.0,9.0,14.0,108.0,0.0,0.11475409836065574,7.0,35.0,152.0,27.0,240.0,2419.0,3.0
niu-critical-melting,961,66.0,30.0,4.0,30.0,36.0,0.0,0.45454545454545453,3.0,32.0,125.0,27.0,249.0,2444.0,2.0
niu-critical-melting,971,100.0,20.0,7.0,40.0,54.0,6.0,0.46,6.0,31.0,157.0,22.0,245.0,2419.0,2.0
niu-critical-melting,981,148.0,34.0,8.0,88.0,58.0,2.0,0.6081081081081081,5.0,23.0,120.0,31.0,232.0,2469.0,3.0
niu-critical-melting,991,186.0,62.0,10.0,54.0,130.0,2.0,0.3010752688172043,5.0,28.0,128.0,24.0,208.0,2487.0,2.0
niu-critical-melting,1001,58.0,18.0,4.0,46.0,12.0,0.0,0.7931034482758621,4.0,23.0,134.0,17.0,201.0,2501.0,1.0
